{"max":2.7169039249420166,"max_step":45,"min":0.02092939056456089,"min_step":28646,"num":31260}