{"max":2.4676194190979004,"max_step":0,"min":0.05593713000416756,"min_step":7016,"num":7820}