{"max":2.659167528152466,"max_step":25,"min":0.024426335468888283,"min_step":15639,"num":15640}